epoch,train_accuracy,train_auc,train_sensitivity,train_specificity,train_f1,train_mcc,train_tp,train_tn,train_fp,train_fn,train_loss,val_accuracy,val_auc,val_sensitivity,val_specificity,val_f1,val_mcc,val_tp,val_tn,val_fp,val_fn,val_loss,lr,epoch_time_s
1,0.453216,0.508005,0.317654,0.683432,0.422394,0.001127,1094.0,1386.0,642.0,2350.0,0.091068,0.171378,0.789731,0.0,1.0,0.0,0.0,0.0,194.0,0.0,938.0,0.0628,0.00019765,326.5
2,0.431104,0.54748,0.17659,0.862987,0.280896,0.051894,608.0,1751.0,278.0,2835.0,0.073134,0.486749,0.775257,0.397655,0.917526,0.56217,0.250088,373.0,178.0,16.0,565.0,0.056834,0.00039529,220.5
3,0.58242,0.713367,0.427784,0.84585,0.563515,0.281694,1475.0,1712.0,312.0,1973.0,0.065538,0.757067,0.76659,0.778252,0.654639,0.841499,0.357379,730.0,127.0,67.0,208.0,0.049296,0.00039721,206.1
4,0.649306,0.771782,0.531187,0.85037,0.656155,0.377704,1831.0,1722.0,303.0,1616.0,0.060842,0.647527,0.782598,0.616205,0.798969,0.743408,0.314185,578.0,155.0,39.0,360.0,0.056454,0.00019765,603.7
5,0.653509,0.786993,0.532713,0.857846,0.658993,0.387359,1832.0,1744.0,289.0,1607.0,0.059874,0.84894,0.793748,0.911514,0.546392,0.909091,0.462691,855.0,106.0,88.0,83.0,0.046784,0.00039529,618.4
6,0.699196,0.817535,0.602382,0.86348,0.715913,0.454562,2074.0,1752.0,277.0,1369.0,0.056628,0.805654,0.823281,0.823028,0.721649,0.875283,0.462158,772.0,140.0,54.0,166.0,0.044544,0.00039721,608.3
7,0.735197,0.849404,0.656994,0.868213,0.757571,0.508644,2264.0,1759.0,267.0,1182.0,0.052651,0.859541,0.85633,0.907249,0.628866,0.914562,0.520699,851.0,122.0,72.0,87.0,0.04129,0.00038864,586.9
8,0.7553,0.869088,0.690835,0.865119,0.7806,0.537034,2382.0,1751.0,273.0,1066.0,0.049591,0.870141,0.847427,0.930704,0.57732,0.922345,0.527105,873.0,112.0,82.0,65.0,0.043799,0.00037455,622.4
9,0.772478,0.882697,0.706907,0.884008,0.796469,0.570832,2436.0,1791.0,235.0,1010.0,0.047337,0.850707,0.879822,0.932836,0.453608,0.911933,0.428318,875.0,88.0,106.0,63.0,0.0418,0.00035534,602.2
10,0.804094,0.905076,0.753846,0.889492,0.828918,0.621662,2597.0,1803.0,224.0,848.0,0.04354,0.866608,0.913575,0.909382,0.659794,0.918686,0.548783,853.0,128.0,66.0,85.0,0.035334,0.00033159,591.9
11,0.800439,0.904955,0.745138,0.894425,0.824606,0.6178,2567.0,1813.0,214.0,878.0,0.043323,0.820671,0.87508,0.853945,0.659794,0.887535,0.457206,801.0,128.0,66.0,137.0,0.037985,0.00030398,586.9
12,0.815789,0.916186,0.768225,0.896501,0.839949,0.642758,2645.0,1819.0,210.0,798.0,0.040852,0.899293,0.918383,0.953092,0.639175,0.940063,0.627808,894.0,124.0,70.0,44.0,0.044228,0.00027332,585.6
13,0.826937,0.924229,0.7842,0.899458,0.850796,0.661687,2700.0,1825.0,204.0,743.0,0.039219,0.897527,0.926643,0.964819,0.572165,0.939772,0.607301,905.0,111.0,83.0,33.0,0.05352,0.00024052,592.9
14,0.830592,0.93036,0.781268,0.913963,0.852834,0.672659,2686.0,1859.0,175.0,752.0,0.037356,0.894876,0.924126,0.942431,0.664948,0.936937,0.621732,884.0,129.0,65.0,54.0,0.037582,0.00020653,614.7
15,0.824013,0.930042,0.771711,0.912765,0.846583,0.661653,2657.0,1852.0,177.0,786.0,0.037419,0.90371,0.93327,0.96162,0.623711,0.943021,0.638193,902.0,121.0,73.0,36.0,0.03398,0.00017234,617.5
